/*
-- Query: SELECT * FROM students_db.student
LIMIT 0, 1000

-- Date: 2019-10-16 14:45
*/
INSERT INTO `student` (`id`,`email`,`first_name`,`last_name`,`created`,`modified`) VALUES (1,'test@example.com','Beatrice','Khonje','2019-10-16 13:18:01','2019-10-16 13:18:01');
INSERT INTO `student` (`id`,`email`,`first_name`,`last_name`,`created`,`modified`) VALUES (2,'—','Mwaiwawo','Joseph','2019-10-16 13:18:01','2019-10-16 13:18:01');
INSERT INTO `student` (`id`,`email`,`first_name`,`last_name`,`created`,`modified`) VALUES (3,'—','Raphael','Namajoso','2019-10-16 13:18:02','2019-10-16 13:18:02');
INSERT INTO `student` (`id`,`email`,`first_name`,`last_name`,`created`,`modified`) VALUES (4,'—','Moses','Geofrey','2019-10-16 13:18:02','2019-10-16 13:18:02');
INSERT INTO `student` (`id`,`email`,`first_name`,`last_name`,`created`,`modified`) VALUES (5,'—','Mwayi','Chirwa','2019-10-16 13:18:02','2019-10-16 13:18:02');
INSERT INTO `student` (`id`,`email`,`first_name`,`last_name`,`created`,`modified`) VALUES (6,'—','Eunice','Njati','2019-10-16 13:18:02','2019-10-16 13:18:02');
INSERT INTO `student` (`id`,`email`,`first_name`,`last_name`,`created`,`modified`) VALUES (7,'test@example.com','Shalom','Mughoho','2019-10-16 13:18:02','2019-10-16 13:18:02');
INSERT INTO `student` (`id`,`email`,`first_name`,`last_name`,`created`,`modified`) VALUES (8,'test@example.com','Limited Richard','Chapalapata','2019-10-16 13:18:02','2019-10-16 13:18:02');
INSERT INTO `student` (`id`,`email`,`first_name`,`last_name`,`created`,`modified`) VALUES (9,'—','Mafunga','Jacuson','2019-10-16 13:18:02','2019-10-16 13:18:02');
INSERT INTO `student` (`id`,`email`,`first_name`,`last_name`,`created`,`modified`) VALUES (10,'test@example.com','Riyeje','Veryson','2019-10-16 13:18:02','2019-10-16 13:18:02');
INSERT INTO `student` (`id`,`email`,`first_name`,`last_name`,`created`,`modified`) VALUES (11,'test@example.com','Davie','Banda','2019-10-16 13:18:02','2019-10-16 13:18:02');
INSERT INTO `student` (`id`,`email`,`first_name`,`last_name`,`created`,`modified`) VALUES (12,'test@example.com','Fanny','Banda','2019-10-16 13:18:02','2019-10-16 13:18:02');
INSERT INTO `student` (`id`,`email`,`first_name`,`last_name`,`created`,`modified`) VALUES (13,'test@example.com','Maria','Banda','2019-10-16 13:18:02','2019-10-16 13:18:02');
INSERT INTO `student` (`id`,`email`,`first_name`,`last_name`,`created`,`modified`) VALUES (14,'test@example.com','Peter','Banda','2019-10-16 13:18:02','2019-10-16 13:18:02');
INSERT INTO `student` (`id`,`email`,`first_name`,`last_name`,`created`,`modified`) VALUES (15,'—','Lucy','Edson','2019-10-16 13:18:02','2019-10-16 13:18:02');
INSERT INTO `student` (`id`,`email`,`first_name`,`last_name`,`created`,`modified`) VALUES (16,'—','Bridget','Gowni','2019-10-16 13:18:02','2019-10-16 13:18:02');
INSERT INTO `student` (`id`,`email`,`first_name`,`last_name`,`created`,`modified`) VALUES (17,'—','Coleta','Jambo','2019-10-16 13:18:02','2019-10-16 13:18:02');
INSERT INTO `student` (`id`,`email`,`first_name`,`last_name`,`created`,`modified`) VALUES (18,'—','Gift','Kathira','2019-10-16 13:18:02','2019-10-16 13:18:02');
INSERT INTO `student` (`id`,`email`,`first_name`,`last_name`,`created`,`modified`) VALUES (19,'—','Winnie','Lapozo','2019-10-16 13:18:02','2019-10-16 13:18:02');
INSERT INTO `student` (`id`,`email`,`first_name`,`last_name`,`created`,`modified`) VALUES (20,'—','Dorothy','Likambale','2019-10-16 13:18:02','2019-10-16 13:18:02');
INSERT INTO `student` (`id`,`email`,`first_name`,`last_name`,`created`,`modified`) VALUES (21,'test@example.com','Alice','Lupande','2019-10-16 13:18:02','2019-10-16 13:18:02');
INSERT INTO `student` (`id`,`email`,`first_name`,`last_name`,`created`,`modified`) VALUES (22,'test@example.com','Davie','Masasa','2019-10-16 13:18:02','2019-10-16 13:18:02');
INSERT INTO `student` (`id`,`email`,`first_name`,`last_name`,`created`,`modified`) VALUES (23,'—','Precious','Masamba','2019-10-16 13:18:02','2019-10-16 13:18:02');
INSERT INTO `student` (`id`,`email`,`first_name`,`last_name`,`created`,`modified`) VALUES (24,'—','Grace','Mbewe','2019-10-16 13:18:02','2019-10-16 13:18:02');
INSERT INTO `student` (`id`,`email`,`first_name`,`last_name`,`created`,`modified`) VALUES (25,'test@example.com','Edward','Milinyu','2019-10-16 13:18:02','2019-10-16 13:18:02');
INSERT INTO `student` (`id`,`email`,`first_name`,`last_name`,`created`,`modified`) VALUES (26,'—','Ignatius','Millinyu','2019-10-16 13:18:02','2019-10-16 13:18:02');
INSERT INTO `student` (`id`,`email`,`first_name`,`last_name`,`created`,`modified`) VALUES (27,'test@example.com','Eluphy','Mphweya','2019-10-16 13:18:02','2019-10-16 13:18:02');
INSERT INTO `student` (`id`,`email`,`first_name`,`last_name`,`created`,`modified`) VALUES (28,'test@example.com','Limbani','Mwenda','2019-10-16 13:18:02','2019-10-16 13:18:02');
INSERT INTO `student` (`id`,`email`,`first_name`,`last_name`,`created`,`modified`) VALUES (29,'test@example.com','Rodney','Nkhonde','2019-10-16 13:18:02','2019-10-16 13:18:02');
INSERT INTO `student` (`id`,`email`,`first_name`,`last_name`,`created`,`modified`) VALUES (30,'test@example.com','Frank','Phiri','2019-10-16 13:18:02','2019-10-16 13:18:02');
INSERT INTO `student` (`id`,`email`,`first_name`,`last_name`,`created`,`modified`) VALUES (31,'—','Hanna','Sauzika','2019-10-16 13:18:02','2019-10-16 13:18:02');
INSERT INTO `student` (`id`,`email`,`first_name`,`last_name`,`created`,`modified`) VALUES (32,'test@example.com','Daniel','Sekani','2019-10-16 13:18:02','2019-10-16 13:18:02');
INSERT INTO `student` (`id`,`email`,`first_name`,`last_name`,`created`,`modified`) VALUES (33,'test@example.com','Edna','Tausi','2019-10-16 13:18:02','2019-10-16 13:18:02');
INSERT INTO `student` (`id`,`email`,`first_name`,`last_name`,`created`,`modified`) VALUES (34,'test@example.com','Gloria','Tengule','2019-10-16 13:18:02','2019-10-16 13:18:02');

/*
-- Query: SELECT * FROM students_db.student_profile
LIMIT 0, 1000

-- Date: 2019-10-16 14:47
*/
INSERT INTO `student_profile` (`id`,`student_id`,`dob`,`country`,`bio`,`image`,`created`,`modified`) VALUES (1,1,'1999-03-16 00:00:00','Malawi','Hospitality Management','/assets/images/student1.jpg','2019-10-16 13:27:09','2019-10-16 13:27:09');
INSERT INTO `student_profile` (`id`,`student_id`,`dob`,`country`,`bio`,`image`,`created`,`modified`) VALUES (2,2,'1997-06-25 00:00:00','Malawi','Biology & English','/assets/images/student1.jpg','2019-10-16 13:27:09','2019-10-16 13:27:09');
INSERT INTO `student_profile` (`id`,`student_id`,`dob`,`country`,`bio`,`image`,`created`,`modified`) VALUES (3,3,'1993-08-13 00:00:00','Malawi','—','/assets/images/student1.jpg','2019-10-16 13:27:09','2019-10-16 13:27:09');
INSERT INTO `student_profile` (`id`,`student_id`,`dob`,`country`,`bio`,`image`,`created`,`modified`) VALUES (4,4,'2000-08-28 00:00:00','Malawi','English & Mathematics','/assets/images/student1.jpg','2019-10-16 13:27:09','2019-10-16 13:27:09');
INSERT INTO `student_profile` (`id`,`student_id`,`dob`,`country`,`bio`,`image`,`created`,`modified`) VALUES (5,5,'1998-10-15 00:00:00','Malawi','Business','/assets/images/student1.jpg','2019-10-16 13:27:09','2019-10-16 13:27:09');
INSERT INTO `student_profile` (`id`,`student_id`,`dob`,`country`,`bio`,`image`,`created`,`modified`) VALUES (6,6,'1996-08-02 00:00:00','Malawi','COURSE: Diploma in Computer Science and Information Processing','/assets/images/student1.jpg','2019-10-16 13:27:09','2019-10-16 13:27:09');
INSERT INTO `student_profile` (`id`,`student_id`,`dob`,`country`,`bio`,`image`,`created`,`modified`) VALUES (7,7,'1997-06-24 00:00:00','Malawi','Principles of Marketing','/assets/images/student1.jpg','2019-10-16 13:27:09','2019-10-16 13:27:09');
INSERT INTO `student_profile` (`id`,`student_id`,`dob`,`country`,`bio`,`image`,`created`,`modified`) VALUES (8,8,'1998-02-24 00:00:00','Malawi','Agricultural Extension','/assets/images/student1.jpg','2019-10-16 13:27:09','2019-10-16 13:27:09');
INSERT INTO `student_profile` (`id`,`student_id`,`dob`,`country`,`bio`,`image`,`created`,`modified`) VALUES (9,9,'1997-12-31 00:00:00','Malawi','—','/assets/images/student1.jpg','2019-10-16 13:27:09','2019-10-16 13:27:09');
INSERT INTO `student_profile` (`id`,`student_id`,`dob`,`country`,`bio`,`image`,`created`,`modified`) VALUES (10,10,'1990-12-23 00:00:00','Malawi','Community Development','/assets/images/student1.jpg','2019-10-16 13:27:09','2019-10-16 13:27:09');
INSERT INTO `student_profile` (`id`,`student_id`,`dob`,`country`,`bio`,`image`,`created`,`modified`) VALUES (11,11,'1994-12-25 00:00:00','Malawi','Practicals','/assets/images/student1.jpg','2019-10-16 13:27:09','2019-10-16 13:27:09');
INSERT INTO `student_profile` (`id`,`student_id`,`dob`,`country`,`bio`,`image`,`created`,`modified`) VALUES (12,12,'1998-09-09 00:00:00','Malawi','Expressive Arts','/assets/images/student1.jpg','2019-10-16 13:27:09','2019-10-16 13:27:09');
INSERT INTO `student_profile` (`id`,`student_id`,`dob`,`country`,`bio`,`image`,`created`,`modified`) VALUES (13,13,'1996-10-29 00:00:00','Malawi','Housekeeping','/assets/images/student1.jpg','2019-10-16 13:27:09','2019-10-16 13:27:09');
INSERT INTO `student_profile` (`id`,`student_id`,`dob`,`country`,`bio`,`image`,`created`,`modified`) VALUES (14,14,'1999-03-16 00:00:00','Malawi','Technical Drawing','/assets/images/student1.jpg','2019-10-16 13:27:09','2019-10-16 13:27:09');
INSERT INTO `student_profile` (`id`,`student_id`,`dob`,`country`,`bio`,`image`,`created`,`modified`) VALUES (15,15,'2001-10-10 00:00:00','Malawi','Sciences','/assets/images/student1.jpg','2019-10-16 13:27:09','2019-10-16 13:27:09');
INSERT INTO `student_profile` (`id`,`student_id`,`dob`,`country`,`bio`,`image`,`created`,`modified`) VALUES (16,16,'2005-05-08 00:00:00','Malawi','Mathematics, Science Technology','/assets/images/student1.jpg','2019-10-16 13:27:09','2019-10-16 13:27:09');
INSERT INTO `student_profile` (`id`,`student_id`,`dob`,`country`,`bio`,`image`,`created`,`modified`) VALUES (17,17,'2004-02-13 00:00:00','Malawi','Languages','/assets/images/student1.jpg','2019-10-16 13:27:09','2019-10-16 13:27:09');
INSERT INTO `student_profile` (`id`,`student_id`,`dob`,`country`,`bio`,`image`,`created`,`modified`) VALUES (18,18,'1993-03-27 00:00:00','Malawi','Nursing & Midwifery Diploma','/assets/images/student1.jpg','2019-10-16 13:27:09','2019-10-16 13:27:09');
INSERT INTO `student_profile` (`id`,`student_id`,`dob`,`country`,`bio`,`image`,`created`,`modified`) VALUES (19,19,'2002-03-10 00:00:00','Malawi','Mathematics','/assets/images/student1.jpg','2019-10-16 13:27:09','2019-10-16 13:27:09');
INSERT INTO `student_profile` (`id`,`student_id`,`dob`,`country`,`bio`,`image`,`created`,`modified`) VALUES (20,20,'2002-06-22 00:00:00','Malawi','—','/assets/images/student1.jpg','2019-10-16 13:27:09','2019-10-16 13:27:09');
INSERT INTO `student_profile` (`id`,`student_id`,`dob`,`country`,`bio`,`image`,`created`,`modified`) VALUES (21,21,'1998-10-06 00:00:00','Malawi','Political and Administrative Studies','/assets/images/student1.jpg','2019-10-16 13:27:09','2019-10-16 13:27:09');
INSERT INTO `student_profile` (`id`,`student_id`,`dob`,`country`,`bio`,`image`,`created`,`modified`) VALUES (22,22,'1994-04-21 00:00:00','Malawi','MALAWIUNIRVESITY OF SCIENCE AND TECHNOLOGY/DEPARTMENT OF ENGINEERING','/assets/images/student1.jpg','2019-10-16 13:27:09','2019-10-16 13:27:09');
INSERT INTO `student_profile` (`id`,`student_id`,`dob`,`country`,`bio`,`image`,`created`,`modified`) VALUES (23,23,'2000-08-27 00:00:00','Malawi','—','/assets/images/student1.jpg','2019-10-16 13:27:09','2019-10-16 13:27:09');
INSERT INTO `student_profile` (`id`,`student_id`,`dob`,`country`,`bio`,`image`,`created`,`modified`) VALUES (24,24,'1999-12-12 00:00:00','Malawi','English, Bible Knowledge','/assets/images/student1.jpg','2019-10-16 13:27:09','2019-10-16 13:27:09');
INSERT INTO `student_profile` (`id`,`student_id`,`dob`,`country`,`bio`,`image`,`created`,`modified`) VALUES (25,25,'1984-12-27 00:00:00','Malawi','Commerce','/assets/images/student1.jpg','2019-10-16 13:27:09','2019-10-16 13:27:09');
INSERT INTO `student_profile` (`id`,`student_id`,`dob`,`country`,`bio`,`image`,`created`,`modified`) VALUES (26,26,'1984-01-01 00:00:00','Malawi','—','/assets/images/student1.jpg','2019-10-16 13:27:09','2019-10-16 13:27:09');
INSERT INTO `student_profile` (`id`,`student_id`,`dob`,`country`,`bio`,`image`,`created`,`modified`) VALUES (27,27,'1992-12-05 00:00:00','Malawi','Service excellence','/assets/images/student1.jpg','2019-10-16 13:27:09','2019-10-16 13:27:09');
INSERT INTO `student_profile` (`id`,`student_id`,`dob`,`country`,`bio`,`image`,`created`,`modified`) VALUES (28,28,'1990-04-09 00:00:00','Malawi','Accountancy','/assets/images/student1.jpg','2019-10-16 13:27:09','2019-10-16 13:27:09');
INSERT INTO `student_profile` (`id`,`student_id`,`dob`,`country`,`bio`,`image`,`created`,`modified`) VALUES (29,30,'1995-07-16 00:00:00','Malawi','ENVIRONMENTAL MANAGEMENT','/assets/images/student1.jpg','2019-10-16 13:27:09','2019-10-16 13:27:09');
INSERT INTO `student_profile` (`id`,`student_id`,`dob`,`country`,`bio`,`image`,`created`,`modified`) VALUES (30,31,'2000-05-27 00:00:00','Malawi','English and science','/assets/images/student1.jpg','2019-10-16 13:27:09','2019-10-16 13:27:09');
INSERT INTO `student_profile` (`id`,`student_id`,`dob`,`country`,`bio`,`image`,`created`,`modified`) VALUES (31,32,'1995-01-15 00:00:00','Malawi','Social Work','/assets/images/student1.jpg','2019-10-16 13:27:09','2019-10-16 13:27:09');
INSERT INTO `student_profile` (`id`,`student_id`,`dob`,`country`,`bio`,`image`,`created`,`modified`) VALUES (32,33,'1996-12-17 00:00:00','Malawi','ENVIRONMENTAL SCIENCE','/assets/images/student1.jpg','2019-10-16 13:27:09','2019-10-16 13:27:09');
INSERT INTO `student_profile` (`id`,`student_id`,`dob`,`country`,`bio`,`image`,`created`,`modified`) VALUES (33,34,'1996-10-10 00:00:00','Malawi','Education, Language','/assets/images/student1.jpg','2019-10-16 13:27:09','2019-10-16 13:27:09');
INSERT INTO `student_profile` (`id`,`student_id`,`dob`,`country`,`bio`,`image`,`created`,`modified`) VALUES (34,29,NULL,'Malawi',NULL,'/assets/images/student1.jpg','2019-10-16 14:13:23','2019-10-16 14:13:23');

/*
-- Query: SELECT * FROM students_db.campaign
LIMIT 0, 1000

-- Date: 2019-10-16 14:48
*/
INSERT INTO `campaign` (`id`,`student_id`,`name`,`semester`,`year`,`tuition_fees`,`board_fees`,`test_fees`,`start_date`,`end_date`,`due_date`,`created`,`modified`) VALUES (8,1,'',1,'2020-01-01',76471,0,0,'2019-10-15','2019-12-20','2019-11-01',NULL,NULL);
INSERT INTO `campaign` (`id`,`student_id`,`name`,`semester`,`year`,`tuition_fees`,`board_fees`,`test_fees`,`start_date`,`end_date`,`due_date`,`created`,`modified`) VALUES (9,2,'',1,'2020-01-01',75416,0,0,'2019-10-15','2019-12-20','2019-11-01',NULL,NULL);
INSERT INTO `campaign` (`id`,`student_id`,`name`,`semester`,`year`,`tuition_fees`,`board_fees`,`test_fees`,`start_date`,`end_date`,`due_date`,`created`,`modified`) VALUES (10,3,'',1,'2020-01-01',53467,0,0,'2019-10-15','2019-12-20','2019-11-01',NULL,NULL);
INSERT INTO `campaign` (`id`,`student_id`,`name`,`semester`,`year`,`tuition_fees`,`board_fees`,`test_fees`,`start_date`,`end_date`,`due_date`,`created`,`modified`) VALUES (11,4,'',1,'2020-01-01',15712,0,0,'2019-10-15','2019-12-20','2019-11-01',NULL,NULL);
INSERT INTO `campaign` (`id`,`student_id`,`name`,`semester`,`year`,`tuition_fees`,`board_fees`,`test_fees`,`start_date`,`end_date`,`due_date`,`created`,`modified`) VALUES (12,5,'',1,'2020-01-01',0,0,0,'2019-10-15','2019-12-20','2019-11-01',NULL,NULL);
INSERT INTO `campaign` (`id`,`student_id`,`name`,`semester`,`year`,`tuition_fees`,`board_fees`,`test_fees`,`start_date`,`end_date`,`due_date`,`created`,`modified`) VALUES (13,6,'',1,'2020-01-01',105880,0,0,'2019-10-15','2019-12-20','2019-11-01',NULL,NULL);
INSERT INTO `campaign` (`id`,`student_id`,`name`,`semester`,`year`,`tuition_fees`,`board_fees`,`test_fees`,`start_date`,`end_date`,`due_date`,`created`,`modified`) VALUES (14,7,'',1,'2020-01-01',0,0,0,'2019-10-15','2019-12-20','2019-11-01',NULL,NULL);
INSERT INTO `campaign` (`id`,`student_id`,`name`,`semester`,`year`,`tuition_fees`,`board_fees`,`test_fees`,`start_date`,`end_date`,`due_date`,`created`,`modified`) VALUES (15,8,'',1,'2020-01-01',0,0,0,'2019-10-15','2019-12-20','2019-11-01',NULL,NULL);
INSERT INTO `campaign` (`id`,`student_id`,`name`,`semester`,`year`,`tuition_fees`,`board_fees`,`test_fees`,`start_date`,`end_date`,`due_date`,`created`,`modified`) VALUES (16,9,'',1,'2020-01-01',123663,0,0,'2019-10-15','2019-12-20','2019-11-01',NULL,NULL);
INSERT INTO `campaign` (`id`,`student_id`,`name`,`semester`,`year`,`tuition_fees`,`board_fees`,`test_fees`,`start_date`,`end_date`,`due_date`,`created`,`modified`) VALUES (17,10,'',1,'2020-01-01',0,0,0,'2019-10-15','2019-12-20','2019-11-01',NULL,NULL);
INSERT INTO `campaign` (`id`,`student_id`,`name`,`semester`,`year`,`tuition_fees`,`board_fees`,`test_fees`,`start_date`,`end_date`,`due_date`,`created`,`modified`) VALUES (18,11,'',1,'2020-01-01',57714,0,0,'2019-10-15','2019-12-20','2019-11-01',NULL,NULL);
INSERT INTO `campaign` (`id`,`student_id`,`name`,`semester`,`year`,`tuition_fees`,`board_fees`,`test_fees`,`start_date`,`end_date`,`due_date`,`created`,`modified`) VALUES (19,12,'',1,'2020-01-01',5427,0,0,'2019-10-15','2019-12-20','2019-11-01',NULL,NULL);
INSERT INTO `campaign` (`id`,`student_id`,`name`,`semester`,`year`,`tuition_fees`,`board_fees`,`test_fees`,`start_date`,`end_date`,`due_date`,`created`,`modified`) VALUES (20,13,'',1,'2020-01-01',58291,0,0,'2019-10-15','2019-12-20','2019-11-01',NULL,NULL);
INSERT INTO `campaign` (`id`,`student_id`,`name`,`semester`,`year`,`tuition_fees`,`board_fees`,`test_fees`,`start_date`,`end_date`,`due_date`,`created`,`modified`) VALUES (21,14,'',1,'2020-01-01',57714,0,0,'2019-10-15','2019-12-20','2019-11-01',NULL,NULL);
INSERT INTO `campaign` (`id`,`student_id`,`name`,`semester`,`year`,`tuition_fees`,`board_fees`,`test_fees`,`start_date`,`end_date`,`due_date`,`created`,`modified`) VALUES (22,15,'',1,'2020-01-01',42733,0,0,'2019-10-15','2019-12-20','2019-11-01',NULL,NULL);
INSERT INTO `campaign` (`id`,`student_id`,`name`,`semester`,`year`,`tuition_fees`,`board_fees`,`test_fees`,`start_date`,`end_date`,`due_date`,`created`,`modified`) VALUES (23,16,'',1,'2020-01-01',28656,0,0,'2019-10-15','2019-12-20','2019-11-01',NULL,NULL);
INSERT INTO `campaign` (`id`,`student_id`,`name`,`semester`,`year`,`tuition_fees`,`board_fees`,`test_fees`,`start_date`,`end_date`,`due_date`,`created`,`modified`) VALUES (24,17,'',1,'2020-01-01',21617,0,0,'2019-10-15','2019-12-20','2019-11-01',NULL,NULL);
INSERT INTO `campaign` (`id`,`student_id`,`name`,`semester`,`year`,`tuition_fees`,`board_fees`,`test_fees`,`start_date`,`end_date`,`due_date`,`created`,`modified`) VALUES (25,18,'',1,'2020-01-01',69257,0,0,'2019-10-15','2019-12-20','2019-11-01',NULL,NULL);
INSERT INTO `campaign` (`id`,`student_id`,`name`,`semester`,`year`,`tuition_fees`,`board_fees`,`test_fees`,`start_date`,`end_date`,`due_date`,`created`,`modified`) VALUES (26,19,'',1,'2020-01-01',21617,0,0,'2019-10-15','2019-12-20','2019-11-01',NULL,NULL);
INSERT INTO `campaign` (`id`,`student_id`,`name`,`semester`,`year`,`tuition_fees`,`board_fees`,`test_fees`,`start_date`,`end_date`,`due_date`,`created`,`modified`) VALUES (27,20,'',1,'2020-01-01',22321,0,0,'2019-10-15','2019-12-20','2019-11-01',NULL,NULL);
INSERT INTO `campaign` (`id`,`student_id`,`name`,`semester`,`year`,`tuition_fees`,`board_fees`,`test_fees`,`start_date`,`end_date`,`due_date`,`created`,`modified`) VALUES (28,21,'',1,'2020-01-01',67532,0,0,'2019-10-15','2019-12-20','2019-11-01',NULL,NULL);
INSERT INTO `campaign` (`id`,`student_id`,`name`,`semester`,`year`,`tuition_fees`,`board_fees`,`test_fees`,`start_date`,`end_date`,`due_date`,`created`,`modified`) VALUES (29,22,'',1,'2020-01-01',71337,0,0,'2019-10-15','2019-12-20','2019-11-01',NULL,NULL);
INSERT INTO `campaign` (`id`,`student_id`,`name`,`semester`,`year`,`tuition_fees`,`board_fees`,`test_fees`,`start_date`,`end_date`,`due_date`,`created`,`modified`) VALUES (30,23,'',1,'2020-01-01',32879,0,0,'2019-10-15','2019-12-20','2019-11-01',NULL,NULL);
INSERT INTO `campaign` (`id`,`student_id`,`name`,`semester`,`year`,`tuition_fees`,`board_fees`,`test_fees`,`start_date`,`end_date`,`due_date`,`created`,`modified`) VALUES (31,24,'',1,'2020-01-01',42733,0,0,'2019-10-15','2019-12-20','2019-11-01',NULL,NULL);
INSERT INTO `campaign` (`id`,`student_id`,`name`,`semester`,`year`,`tuition_fees`,`board_fees`,`test_fees`,`start_date`,`end_date`,`due_date`,`created`,`modified`) VALUES (32,25,'',1,'2020-01-01',88010,0,0,'2019-10-15','2019-12-20','2019-11-01',NULL,NULL);
INSERT INTO `campaign` (`id`,`student_id`,`name`,`semester`,`year`,`tuition_fees`,`board_fees`,`test_fees`,`start_date`,`end_date`,`due_date`,`created`,`modified`) VALUES (33,26,'',1,'2020-01-01',0,0,0,'2019-10-15','2019-12-20','2019-11-01',NULL,NULL);
INSERT INTO `campaign` (`id`,`student_id`,`name`,`semester`,`year`,`tuition_fees`,`board_fees`,`test_fees`,`start_date`,`end_date`,`due_date`,`created`,`modified`) VALUES (34,27,'',1,'2020-01-01',35698,0,0,'2019-10-15','2019-12-20','2019-11-01',NULL,NULL);
INSERT INTO `campaign` (`id`,`student_id`,`name`,`semester`,`year`,`tuition_fees`,`board_fees`,`test_fees`,`start_date`,`end_date`,`due_date`,`created`,`modified`) VALUES (35,28,'',1,'2020-01-01',64022,0,0,'2019-10-15','2019-12-20','2019-11-01',NULL,NULL);
INSERT INTO `campaign` (`id`,`student_id`,`name`,`semester`,`year`,`tuition_fees`,`board_fees`,`test_fees`,`start_date`,`end_date`,`due_date`,`created`,`modified`) VALUES (36,29,'',1,'2020-01-01',0,0,0,'2019-10-15','2019-12-20','2019-11-01',NULL,NULL);
INSERT INTO `campaign` (`id`,`student_id`,`name`,`semester`,`year`,`tuition_fees`,`board_fees`,`test_fees`,`start_date`,`end_date`,`due_date`,`created`,`modified`) VALUES (37,30,'',1,'2020-01-01',40488,0,0,'2019-10-15','2019-12-20','2019-11-01',NULL,NULL);
INSERT INTO `campaign` (`id`,`student_id`,`name`,`semester`,`year`,`tuition_fees`,`board_fees`,`test_fees`,`start_date`,`end_date`,`due_date`,`created`,`modified`) VALUES (38,31,'',1,'2020-01-01',42733,0,0,'2019-10-15','2019-12-20','2019-11-01',NULL,NULL);
INSERT INTO `campaign` (`id`,`student_id`,`name`,`semester`,`year`,`tuition_fees`,`board_fees`,`test_fees`,`start_date`,`end_date`,`due_date`,`created`,`modified`) VALUES (39,32,'',1,'2020-01-01',103493,0,0,'2019-10-15','2019-12-20','2019-11-01',NULL,NULL);
INSERT INTO `campaign` (`id`,`student_id`,`name`,`semester`,`year`,`tuition_fees`,`board_fees`,`test_fees`,`start_date`,`end_date`,`due_date`,`created`,`modified`) VALUES (40,33,'',1,'2020-01-01',0,0,0,'2019-10-15','2019-12-20','2019-11-01',NULL,NULL);
INSERT INTO `campaign` (`id`,`student_id`,`name`,`semester`,`year`,`tuition_fees`,`board_fees`,`test_fees`,`start_date`,`end_date`,`due_date`,`created`,`modified`) VALUES (41,34,'',1,'2020-01-01',25500,0,0,'2019-10-15','2019-12-20','2019-11-01',NULL,NULL);
